Bot_Not,meanday,varday,sdday
Bot,1111.359107905983,219687.5523994883,468.70838737906996
GenuineAccount,13106.084668803418,24762322.513992187,4976.17549067476
