Bot_Not,meanday,varday,sdday
Bot,1675.5388926630435,78936.83426622907,280.95699718325056
GenuineAccount,24849.265313632248,36167425.799034536,6013.935965657976
