"","Bots","Genuine","BotsDistrict","GenuineDistrict","BotNational","GenuineNational"
"1",8.60669252831032,91.3933074716897,5.88641333559127,94.1135866644087,8.65949363565501,91.340506364345
