"","Bots","Genuine","BotsDistrict","GenuineDistrict","BotNational","GenuineNational"
"1",6.49451140841231,93.5054885915877,4.43307481475717,95.5669251852428,6.53558412051438,93.4644158794856
