"","0","1","Error","Rate"
"0",1058,25,0.023084025854109," =25/1083"
"1",31,4881,0.00631107491856678," =31/4912"
"Totals",1089,4906,0.00934111759799833," =56/5995"
